GENDER,SERVICE_NAME,SERVICE,TYPE,PRICE,OLD PRICE
MENS,Hair Cut,Trimming,,80,
MENS,Hair Cut,Hair cut normal,,150,
MENS,Hair Cut,shaving foam,,80,
MENS,Hair Cut,hair cutting cream and foam shaving,,250,
MENS,Hair Cut,beard setting and french beard,,100,
MENS,Hair Cut,hair cut and shampoo,,200,
MENS,Hair Cut,shampoo setting only,,60,
MENS,Hair Cut,small boys cut (below 5 year),,120,
MENS,Hair Cut,master cut,,150,
MENS,Hair Cut,pop cut,,150 - 200,
MENS,Hair Cut,mushroom cut,,150 - 200,
,,,,,
MENS,HAIR COLOURING,Garnier (No Ammonia),,300,
MENS,HAIR COLOURING,Any Herbal,,200,
MENS,HAIR COLOURING,Dreamronor,,400,
MENS,HAIR COLOURING,Loreal Majirel,,500,
MENS,HAIR COLOURING,Loreal (No Ammonia),,600,
MENS,HAIR COLOURING,Bigen Loreal Innova / Revlon,,600 - 700,
MENS,HAIR COLOURING,Mehanti,,300,
MENS,HAIR COLOURING,Hair Straightening,,1500 - 3000,
MENS,HAIR COLOURING,Hair Spa,,500 - 700,
MENS,HAIR COLOURING,Oil Therapy,,800,
,,,,,
MENS,FACIAL,Face Pack,,100,
MENS,FACIAL,Face Massage,,200,
MENS,FACIAL,Fruit,,600,
MENS,FACIAL,Pearl,,800,
MENS,FACIAL,Papaya,,800,
MENS,FACIAL,Fairness,,900,
MENS,FACIAL,Diamond,,1000,
MENS,FACIAL,Wine,,1000,
MENS,FACIAL,Skin Whitening,,1200 - 1500,
MENS,FACIAL,Skin Brightning,,1200 - 1500,
MENS,FACIAL,Skin Glow,,1200 - 1500,
MENS,FACIAL,Silver Bright,,1300,
MENS,FACIAL,Biotique,,1300,
MENS,FACIAL,Gold Facial Nature,,1500,
MENS,FACIAL,Oxygen,,2000,
MENS,FACIAL,Shahnas Facial Gold,,3000,
MENS,FACIAL,03+Facial,,3500,
,,,,,
MENS,OIL MASSAGE,Shahnas (Professional Oil),,300,
MENS,OIL MASSAGE,Almond (Root Strong),,300,
MENS,OIL MASSAGE,Olive Oil (Root Black Shine),,300,
MENS,OIL MASSAGE,Hair Wash (Only),,60,
MENS,OIL MASSAGE,Navaratna (Total Body Cool),,150,
MENS,OIL MASSAGE,Amla (Hair Fall Stoped),,200,
MENS,OIL MASSAGE,Gingelly Oil (Body & Eyes Cool),,200,
,,,,,
MENS,FACIAL,Charcoal Facial,,1500,
MENS,FACIAL,Anti Aginiing Facial,,1300,
MENS,FACIAL,Gal Vanic Facial,,2000,
MENS,FACIAL,Detan Facial,,1500,
MENS,OIL MASSAGE,Coconut Oil (Hair Healthy),,200,
MENS,OIL MASSAGE,All Oil Hot (Extra),,50,
MENS,OIL MASSAGE,Steaming,,100,
MENS,OIL MASSAGE,Dandruff Treatment,,500,
MENS,OIL MASSAGE,Rose Marry Oil (Hair Re - Growth),,500,
MENS,OIL MASSAGE,Biotiaque Anti (Hair Fall Treatment),,500,
MENS,BLEACH,OXY Bleach,,350,
MENS,BLEACH,Gold Bleach,,350,
MENS,BLEACH,Fruit Bleach,,300,
MENS,BLEACH,Detan,,400,
MENS,BLEACH,Lacto Bleach,,300,
MENS,BLEACH,Neck Bleach,,200,
MENS,CLEAN UP,Fruit Clean Up,,300,
MENS,CLEAN UP,Wine Clean Up,,500,
MENS,CLEAN UP,Papaya Clean Up,,400,
MENS,CLEAN UP,Glow Clean Up,,600,
MENS,CLEAN UP,Gold Clean Up,,700,
,,,,,
MENS,OTHER,Wats and Pimple Remove,,50 - 200,
MENS,OTHER,Ear Punching,,100,
MENS,PACKAGE OFFER,"Hair Cut, Shaving, Oil Massage Face Wash",,449,490
MENS,PACKAGE OFFER,"Hair Cut, Shaving, Hair Wash, Face Wash Oil Massage",,500,550
MENS,PACKAGE OFFER,"Hair Cut, Shaving, Face Pack, Oil Massage, Hair Colour",,649,730
MENS,PACKAGE OFFER,"Hair Cut, Shaving, Fruit Bleach Herbal, Hair Wash",,549,600
MENS,,,,,
MENS,PACKAGE OFFER,"Hair Cut & Shaving, Fruit Bleach Fruit Facial, Hair Wash Oil Massage",,1299,1400
MENS,PACKAGE OFFER,"Hair Cut & Shaving, Head Massage with Stream, Face Bleach Fruit, Facial Fruit Hair Wash",,1399,1500
MENS,PACKAGE OFFER,"Hair Cut & Shaving, No Amonia Black, (Loreal) with Hair Wash",,799,900
MENS,PACKAGE OFFER,"Hair Cut & Shaving, Herbal Oil Massage, Herbal Dye Black Normal, Herbal Bleach, Fruit Herbal Facial",,1499,1550
MENS,,,,,
MENS,PACKAGE OFFER,"Hair Cut + Fruit Facial, Hair Spa, Hair Dye Herbal",,1399,1450
MENS,PACKAGE OFFER,"Hair Cut + Shaving, Almong Oil Massage, No Ammonia Black, Pearl Facial",,1549,1650
MENS,PACKAGE OFFER,"Hair Cut + Shaving, Almond Oil Massage, Fruit Bleach, Hair Wash, Facial Normal, Loreal Color",,1999,2100
MENS,PACKAGE OFFER,"Hair Cut + Shaving, Loreal Coloring + Fruit Bleach, Gold Facial + Hair Wash, Shanaz Oil Massage",,2899,3000
,,,,,
,,,,,
WOMEN,MANICURE,Manicure,,250,
WOMEN,MANICURE,Spa Manicure with Pack,,500,
WOMEN,MANICURE,Crystal Manicure,,700,
WOMEN,OIL MASSAGE,Rosemary Oil (Hair Re-Growth),,700,
WOMEN,OIL MASSAGE,Almond Oil,,600,
WOMEN,OIL MASSAGE,Coconut Oil,,500,
WOMEN,OIL MASSAGE,Shahnas Oil,,600,
WOMEN,OIL MASSAGE,Olive Oil,,600,
WOMEN,OIL MASSAGE,Biotique Herbal Oil,,700,
WOMEN,PEDICURE,Pedicure,,500,
WOMEN,PEDICURE,Spa Pedicure with Pack,,700,
WOMEN,PEDICURE,Crystal Pedicure,,1000,
WOMEN,HAIR SPA,Hair Spa Loreal,,1000 - 1500,
WOMEN,HAIR SPA,Dandruff Control,,1200,
WOMEN,HAIR SPA,Matrix Spa,,1000 - 1500,
WOMEN,HAIR SPA,Streax Spa,,700 - 1500,
,,,,,
WOMEN,HAIR STRAIGHTENING,Wash & Blow Dry,,500 - 800,
WOMEN,HAIR STRAIGHTENING,Hair Ironing,,500 - 1500,
WOMEN,HAIR STRAIGHTENING,Hair Curling,,1200,
WOMEN,HAIR STRAIGHTENING,Hair Do Styling,,1000,
WOMEN,HAIR STRAIGHTENING,Perming,,3000 - 9000,
WOMEN,HAIR STRAIGHTENING,Straightening,,4000 - 10000,
WOMEN,MAKEUP,Makeup,,1500,
WOMEN,MAKEUP,Saree Dropping,,500,
WOMEN,MAKEUP,Party Makeup,,3000,
WOMEN,MAKEUP,Bridal Makeup,,5000 - 8000,
WOMEN,MAKEUP,Bridal 2 Days Makeup,,15000 - 20000,
WOMEN,MAKEUP,Saree Box Folding,,500,
WOMEN,BODY MASSAGE,Foot Massage,,400,
WOMEN,BODY MASSAGE,Arms Massage,,300,
WOMEN,BODY MASSAGE,Back & Neck Massage,,500,
WOMEN,BODY MASSAGE,Body Scrub,,1500,
WOMEN,BODY MASSAGE,Body Massage,,2000,
WOMEN,BODY MASSAGE,Body Facial,,5000,
WOMEN,OTHER,Warts and Pimple Remove,,50 - 200,
WOMEN,OTHER,Ear Punching,,100,
,,,,,
WOMEN,BLEACH,Upper Lip / Lower Lip,Oxy,120,
WOMEN,BLEACH,Upper Lip / Lower Lip,Fruit,100,
WOMEN,BLEACH,Upper Lip / Lower Lip,Gold,150,
WOMEN,BLEACH,Face Bleach,Oxy,350,
WOMEN,BLEACH,Face Bleach,Fruit,300,
WOMEN,BLEACH,Face Bleach,Gold,400,
WOMEN,BLEACH,Back Neck,Oxy,400,
WOMEN,BLEACH,Back Neck,Fruit,350,
WOMEN,BLEACH,Back Neck,Gold,450,
WOMEN,BLEACH,Under Arms Bleach,Oxy,250,
WOMEN,BLEACH,Under Arms Bleach,Fruit,300,
WOMEN,BLEACH,Under Arms Bleach,Gold,350,
WOMEN,BLEACH,Full Arms Bleach,Oxy,500,
WOMEN,BLEACH,Full Arms Bleach,Fruit,400,
WOMEN,BLEACH,Full Arms Bleach,Gold,600,
WOMEN,BLEACH,Half Arms Bleach,Oxy,350,
WOMEN,BLEACH,Half Arms Bleach,Fruit,300,
WOMEN,BLEACH,Half Arms Bleach,Gold,400,
WOMEN,BLEACH,Full Legs Bleach,Oxy,600,
WOMEN,BLEACH,Full Legs Bleach,Fruit,500,
WOMEN,BLEACH,Full Legs Bleach,Gold,700,
WOMEN,BLEACH,Half Legs Bleach,Oxy,400,
WOMEN,BLEACH,Half Legs Bleach,Fruit,300,
WOMEN,BLEACH,Half Legs Bleach,Gold,500,
WOMEN,BLEACH,Blouse Line,Oxy,350,
WOMEN,BLEACH,Blouse Line,Fruit,300,
WOMEN,BLEACH,Blouse Line,Gold,400,
WOMEN,BLEACH,Full Body,Oxy,3000,
WOMEN,BLEACH,Full Body,Fruit,2500,
WOMEN,BLEACH,Full Body,Gold,3500,
WOMEN,DETAN,Face & Neck,,400,
WOMEN,DETAN,Raaga Deten,,400,
WOMEN,DETAN,Lacto Bleach,,350,
WOMEN,DETAN,Detan & Pack,,1000,
WOMEN,CLEANUP,Fruit Cleanup,,350,
WOMEN,CLEANUP,Papaya Cleanup,,400,
WOMEN,CLEANUP,Skin Glow,,500,
WOMEN,CLEANUP,Gold Cleanup,,600,
WOMEN,CLEANUP,Diamond,,800,
WOMEN,CLEANUP,Pila Mask,,1000,
,,,,,
WOMEN,THREADING,Eyebrows,,40,
WOMEN,THREADING,Upper Lip,,20,
WOMEN,THREADING,Forehead,,20,
WOMEN,THREADING,Chin,,30,
WOMEN,THREADING,Side Face,,60,
WOMEN,THREADING,Full Face Threading,,150,
WOMEN,WAXING,Upper Lip Wax,Honey Wax,50,
WOMEN,WAXING,Upper Lip Wax,Rice Wax,100,
WOMEN,WAXING,Chin Wax,Honey Wax,60,
WOMEN,WAXING,Chin Wax,Rice Wax,120,
WOMEN,WAXING,Cheeks Wax,Honey Wax,50,
WOMEN,WAXING,Cheeks Wax,Rice Wax,100,
WOMEN,WAXING,Full Face Wax,Honey Wax,250,
WOMEN,WAXING,Full Face Wax,Rice Wax,350,
WOMEN,WAXING,Under Arms Wax,Honey Wax,100,
WOMEN,WAXING,Under Arms Wax,Rice Wax,200,
WOMEN,WAXING,Full Arms Wax,Honey Wax,300,
WOMEN,WAXING,Full Arms Wax,Rice Wax,500,
WOMEN,WAXING,Half Arms Wax,Honey Wax,150,
WOMEN,WAXING,Half Arms Wax,Rice Wax,300,
WOMEN,WAXING,3 - 4 Arms,Honey Wax,250,
WOMEN,WAXING,3 - 4 Arms,Rice Wax,400,
WOMEN,WAXING,Full Legs Wax,Honey Wax,600,
WOMEN,WAXING,Full Legs Wax,Rice Wax,1000,
WOMEN,WAXING,Half Legs Wax,Honey Wax,300,
WOMEN,WAXING,Half Legs Wax,Rice Wax,500,
WOMEN,WAXING,Blouse Line Wax,Honey Wax,300,
WOMEN,WAXING,Blouse Line Wax,Rice Wax,600,
WOMEN,WAXING,Full Body Waxing,Honey Wax,2500,
WOMEN,WAXING,Full Body Waxing,Rice Wax,3500,
WOMEN,WAXING,Bigini,Honey Wax,1500,
WOMEN,WAXING,Bigini,Rice Wax,2000,
WOMEN,WAXING,Stomach,Honey Wax,300,
WOMEN,WAXING,Stomach,Rice Wax,600,
WOMEN,WAXING,Lower Back,Honey Wax,300,
WOMEN,WAXING,Lower Back,Rice Wax,600,
,,,,,
WOMEN,KIDS CUT,Mushroom Cut,,200,
WOMEN,KIDS CUT,Baby Cut,,200,
WOMEN,KIDS CUT,Pop Cut,,200,
WOMEN,KIDS CUT,Dora Cut,,200,
WOMEN,KIDS CUT,Shairi Cut,,200,
WOMEN,KIDS CUT,Baby Shalini Cutting,,200,
WOMEN,KIDS CUT,Ladies Boy Cutting,,250,
WOMEN,HAIR CUT,Straight Cut,,150,
WOMEN,HAIR CUT,U Cut,,200,
WOMEN,HAIR CUT,Deep U Cut,,250,
WOMEN,HAIR CUT,V Cut,,300,
WOMEN,HAIR CUT,Feather Cut,,600,
WOMEN,HAIR CUT,Step Cut,,600,
WOMEN,HAIR CUT,Layer Cut,,600,
WOMEN,HAIR CUT,Creative Cut,,600,
WOMEN,HAIR CUT,Front Cut,,100,
WOMEN,HAIR COLOURING,Black Henna,,500 - 1200,
WOMEN,HAIR COLOURING,Brown Henna,,600 - 1200,
WOMEN,HAIR COLOURING,Loreal No Ammonia,,1000 - 3000,
WOMEN,HAIR COLOURING,Garniyar Ammonia Free,,500 - 2000,
WOMEN,HAIR COLOURING,Highlights One Line,,300,
WOMEN,HAIR COLOURING,Your Product Hair Colour,,300,